username,name,first_name,last_name,locale,gender,hometown,location,email,birthday,timezone,relationship_status,religion,political
test1.dude1,Test1 Dude1,Test1,Dude1,,M,,,test1.dude1@gmail.com,11/2/1998,5,In a relationship,Atheist,Conservative
test2.dude2,Test2 Dude2,Test2,Dude2,,F,,,test2.dude2@gmail.com,10/24/1993,3,In a relationship,Jewish,Liberal
test3.dude3,Test3 Dude3,Test3,Dude3,,M,,,test3.dude3@gmail.com,6/17/1990,5,In a relationship,Hindu,Liberal
test4.dude4,Test4 Dude4,Test4,Dude4,,F,,,test4.dude4@gmail.com,9/4/1988,3,Single,Hindu,Conservative
test5.dude5,Test5 Dude5,Test5,Dude5,,M,,,test5.dude5@gmail.com,5/27/1986,-2,In a relationship,Catholic,Liberal
test6.dude6,Test6 Dude6,Test6,Dude6,,F,,,test6.dude6@gmail.com,11/2/1992,2,Single,Christian,Liberal
test7.dude7,Test7 Dude7,Test7,Dude7,,M,,,test7.dude7@gmail.com,8/19/1993,5,Single,Catholic,Liberal
test8.dude8,Test8 Dude8,Test8,Dude8,,F,,,test8.dude8@gmail.com,6/25/1982,5,It's complicated,Catholic,Liberal
test9.dude9,Test9 Dude9,Test9,Dude9,,M,,,test9.dude9@gmail.com,10/22/1974,2,Single,Hindu,Conservative
test10.dude10,Test10 Dude10,Test10,Dude10,,F,,,test10.dude10@gmail.com,8/10/1977,2,In a relationship,Christian,Apathetic
test11.dude11,Test11 Dude11,Test11,Dude11,,M,,,test11.dude11@gmail.com,6/5/1988,-3,In a relationship,Christian,Apathetic
test12.dude12,Test12 Dude12,Test12,Dude12,,F,,,test12.dude12@gmail.com,8/3/1991,5,It's complicated,Muslim,Apathetic
test13.dude13,Test13 Dude13,Test13,Dude13,,M,,,test13.dude13@gmail.com,2/25/1976,1,Married,Catholic,Apathetic
test14.dude14,Test14 Dude14,Test14,Dude14,,F,,,test14.dude14@gmail.com,4/16/1984,0,In a relationship,Catholic,Conservative
test15.dude15,Test15 Dude15,Test15,Dude15,,M,,,test15.dude15@gmail.com,8/5/1991,3,Married,Jewish,Liberal
test16.dude16,Test16 Dude16,Test16,Dude16,,F,,,test16.dude16@gmail.com,10/14/1996,5,Single,Atheist,Conservative
test17.dude17,Test17 Dude17,Test17,Dude17,,M,,,test17.dude17@gmail.com,3/15/1989,5,Married,Catholic,Apathetic
test18.dude18,Test18 Dude18,Test18,Dude18,,F,,,test18.dude18@gmail.com,5/20/1981,4,Married,Muslim,Apathetic
test19.dude19,Test19 Dude19,Test19,Dude19,,M,,,test19.dude19@gmail.com,2/2/1975,-4,Single,Christian,Apathetic
test20.dude20,Test20 Dude20,Test20,Dude20,,F,,,test20.dude20@gmail.com,10/14/1976,-2,It's complicated,Scientologist,Conservative
test21.dude21,Test21 Dude21,Test21,Dude21,,M,,,test21.dude21@gmail.com,12/20/1995,-1,It's complicated,Jewish,Apathetic
test22.dude22,Test22 Dude22,Test22,Dude22,,F,,,test22.dude22@gmail.com,7/17/1976,0,In a relationship,Christian,Apathetic
test23.dude23,Test23 Dude23,Test23,Dude23,,M,,,test23.dude23@gmail.com,5/28/1981,-3,Single,Atheist,Liberal
test24.dude24,Test24 Dude24,Test24,Dude24,,F,,,test24.dude24@gmail.com,6/4/1986,0,Single,Jewish,Apathetic
test25.dude25,Test25 Dude25,Test25,Dude25,,M,,,test25.dude25@gmail.com,10/1/1978,2,Married,Hindu,Conservative
test26.dude26,Test26 Dude26,Test26,Dude26,,F,,,test26.dude26@gmail.com,6/7/1990,5,It's complicated,Atheist,Conservative
test27.dude27,Test27 Dude27,Test27,Dude27,,M,,,test27.dude27@gmail.com,3/3/1995,3,In a relationship,Hindu,Apathetic
test28.dude28,Test28 Dude28,Test28,Dude28,,F,,,test28.dude28@gmail.com,4/10/1988,-2,It's complicated,Catholic,Apathetic
test29.dude29,Test29 Dude29,Test29,Dude29,,M,,,test29.dude29@gmail.com,12/18/1989,0,Single,Jewish,Conservative
test30.dude30,Test30 Dude30,Test30,Dude30,,F,,,test30.dude30@gmail.com,11/17/1989,-3,In a relationship,Hindu,Liberal
test31.dude31,Test31 Dude31,Test31,Dude31,,M,,,test31.dude31@gmail.com,10/19/1990,-4,Married,Scientologist,Liberal
test32.dude32,Test32 Dude32,Test32,Dude32,,F,,,test32.dude32@gmail.com,1/1/1997,0,In a relationship,Hindu,Liberal
test33.dude33,Test33 Dude33,Test33,Dude33,,M,,,test33.dude33@gmail.com,3/12/1983,-5,Married,Muslim,Conservative
test34.dude34,Test34 Dude34,Test34,Dude34,,F,,,test34.dude34@gmail.com,9/9/1982,5,Single,Hindu,Apathetic
test35.dude35,Test35 Dude35,Test35,Dude35,,M,,,test35.dude35@gmail.com,6/16/1987,0,Married,Jewish,Liberal
test36.dude36,Test36 Dude36,Test36,Dude36,,F,,,test36.dude36@gmail.com,10/12/1997,4,It's complicated,Jewish,Liberal
test37.dude37,Test37 Dude37,Test37,Dude37,,M,,,test37.dude37@gmail.com,3/10/1975,-1,In a relationship,Muslim,Conservative
test38.dude38,Test38 Dude38,Test38,Dude38,,F,,,test38.dude38@gmail.com,1/17/1981,-4,Married,Christian,Apathetic
test39.dude39,Test39 Dude39,Test39,Dude39,,M,,,test39.dude39@gmail.com,4/13/1980,-5,It's complicated,Muslim,Conservative
test40.dude40,Test40 Dude40,Test40,Dude40,,F,,,test40.dude40@gmail.com,9/2/1977,-2,In a relationship,Jewish,Liberal
test41.dude41,Test41 Dude41,Test41,Dude41,,M,,,test41.dude41@gmail.com,6/6/1985,4,Single,Christian,Apathetic
test42.dude42,Test42 Dude42,Test42,Dude42,,F,,,test42.dude42@gmail.com,4/19/1996,5,In a relationship,Scientologist,Conservative
test43.dude43,Test43 Dude43,Test43,Dude43,,M,,,test43.dude43@gmail.com,4/18/1995,-4,In a relationship,Muslim,Conservative
test44.dude44,Test44 Dude44,Test44,Dude44,,F,,,test44.dude44@gmail.com,1/8/1988,-4,Married,Christian,Apathetic
test45.dude45,Test45 Dude45,Test45,Dude45,,M,,,test45.dude45@gmail.com,3/26/1982,-4,Married,Hindu,Liberal
test46.dude46,Test46 Dude46,Test46,Dude46,,F,,,test46.dude46@gmail.com,11/2/1987,-2,It's complicated,Atheist,Apathetic
test47.dude47,Test47 Dude47,Test47,Dude47,,M,,,test47.dude47@gmail.com,7/27/1986,1,It's complicated,Jewish,Conservative
test48.dude48,Test48 Dude48,Test48,Dude48,,F,,,test48.dude48@gmail.com,1/21/1998,3,In a relationship,Muslim,Conservative
test49.dude49,Test49 Dude49,Test49,Dude49,,M,,,test49.dude49@gmail.com,5/22/1996,5,Married,Catholic,Apathetic
test50.dude50,Test50 Dude50,Test50,Dude50,,F,,,test50.dude50@gmail.com,1/23/1988,3,It's complicated,Hindu,Conservative
test51.dude51,Test51 Dude51,Test51,Dude51,,M,,,test51.dude51@gmail.com,5/24/1976,-4,Single,Christian,Liberal
test52.dude52,Test52 Dude52,Test52,Dude52,,F,,,test52.dude52@gmail.com,3/17/1992,-4,In a relationship,Scientologist,Apathetic
test53.dude53,Test53 Dude53,Test53,Dude53,,M,,,test53.dude53@gmail.com,2/7/1992,5,In a relationship,Atheist,Conservative
test54.dude54,Test54 Dude54,Test54,Dude54,,F,,,test54.dude54@gmail.com,3/13/1984,-5,In a relationship,Christian,Apathetic
test55.dude55,Test55 Dude55,Test55,Dude55,,M,,,test55.dude55@gmail.com,9/26/1979,0,Married,Muslim,Liberal
test56.dude56,Test56 Dude56,Test56,Dude56,,F,,,test56.dude56@gmail.com,6/5/1997,5,It's complicated,Scientologist,Conservative
test57.dude57,Test57 Dude57,Test57,Dude57,,M,,,test57.dude57@gmail.com,2/22/1975,-2,In a relationship,Scientologist,Apathetic
test58.dude58,Test58 Dude58,Test58,Dude58,,F,,,test58.dude58@gmail.com,10/13/1976,1,Single,Atheist,Conservative
test59.dude59,Test59 Dude59,Test59,Dude59,,M,,,test59.dude59@gmail.com,5/23/1987,4,Married,Muslim,Apathetic
test60.dude60,Test60 Dude60,Test60,Dude60,,F,,,test60.dude60@gmail.com,9/19/1992,-2,In a relationship,Hindu,Conservative
test61.dude61,Test61 Dude61,Test61,Dude61,,M,,,test61.dude61@gmail.com,9/16/1992,-2,In a relationship,Atheist,Liberal
test62.dude62,Test62 Dude62,Test62,Dude62,,F,,,test62.dude62@gmail.com,9/8/1979,2,In a relationship,Scientologist,Conservative
test63.dude63,Test63 Dude63,Test63,Dude63,,M,,,test63.dude63@gmail.com,6/21/1991,-4,It's complicated,Scientologist,Liberal
test64.dude64,Test64 Dude64,Test64,Dude64,,F,,,test64.dude64@gmail.com,1/24/1977,-3,Single,Jewish,Apathetic
test65.dude65,Test65 Dude65,Test65,Dude65,,M,,,test65.dude65@gmail.com,7/2/1988,1,In a relationship,Hindu,Apathetic
test66.dude66,Test66 Dude66,Test66,Dude66,,F,,,test66.dude66@gmail.com,8/25/1979,1,In a relationship,Jewish,Apathetic
test67.dude67,Test67 Dude67,Test67,Dude67,,M,,,test67.dude67@gmail.com,11/25/1975,-5,Single,Atheist,Conservative
test68.dude68,Test68 Dude68,Test68,Dude68,,F,,,test68.dude68@gmail.com,6/2/1991,5,It's complicated,Catholic,Conservative
test69.dude69,Test69 Dude69,Test69,Dude69,,M,,,test69.dude69@gmail.com,2/18/1987,3,Single,Scientologist,Apathetic
test70.dude70,Test70 Dude70,Test70,Dude70,,F,,,test70.dude70@gmail.com,6/23/1983,-5,Single,Catholic,Liberal
test71.dude71,Test71 Dude71,Test71,Dude71,,M,,,test71.dude71@gmail.com,7/28/1996,-3,In a relationship,Atheist,Apathetic
test72.dude72,Test72 Dude72,Test72,Dude72,,F,,,test72.dude72@gmail.com,12/19/1974,1,Single,Christian,Apathetic
test73.dude73,Test73 Dude73,Test73,Dude73,,M,,,test73.dude73@gmail.com,10/22/1980,-5,In a relationship,Scientologist,Liberal
test74.dude74,Test74 Dude74,Test74,Dude74,,F,,,test74.dude74@gmail.com,2/5/1992,-2,Married,Catholic,Conservative
test75.dude75,Test75 Dude75,Test75,Dude75,,M,,,test75.dude75@gmail.com,8/23/1989,2,It's complicated,Hindu,Liberal
test76.dude76,Test76 Dude76,Test76,Dude76,,F,,,test76.dude76@gmail.com,10/9/1990,-3,Single,Atheist,Conservative
test77.dude77,Test77 Dude77,Test77,Dude77,,M,,,test77.dude77@gmail.com,5/14/1981,2,In a relationship,Atheist,Apathetic
test78.dude78,Test78 Dude78,Test78,Dude78,,F,,,test78.dude78@gmail.com,8/24/1977,-2,Married,Christian,Liberal
test79.dude79,Test79 Dude79,Test79,Dude79,,M,,,test79.dude79@gmail.com,3/18/1990,5,In a relationship,Scientologist,Conservative
test80.dude80,Test80 Dude80,Test80,Dude80,,F,,,test80.dude80@gmail.com,9/22/1978,2,It's complicated,Atheist,Apathetic
test81.dude81,Test81 Dude81,Test81,Dude81,,M,,,test81.dude81@gmail.com,9/10/1993,-5,In a relationship,Atheist,Liberal
test82.dude82,Test82 Dude82,Test82,Dude82,,F,,,test82.dude82@gmail.com,8/16/1993,-5,In a relationship,Christian,Apathetic
test83.dude83,Test83 Dude83,Test83,Dude83,,M,,,test83.dude83@gmail.com,3/2/1998,4,In a relationship,Jewish,Apathetic
test84.dude84,Test84 Dude84,Test84,Dude84,,F,,,test84.dude84@gmail.com,8/11/1986,5,It's complicated,Christian,Liberal
test85.dude85,Test85 Dude85,Test85,Dude85,,M,,,test85.dude85@gmail.com,9/3/1978,-5,It's complicated,Hindu,Liberal
test86.dude86,Test86 Dude86,Test86,Dude86,,F,,,test86.dude86@gmail.com,3/7/1979,-2,Single,Christian,Conservative
test87.dude87,Test87 Dude87,Test87,Dude87,,M,,,test87.dude87@gmail.com,1/4/1985,5,Married,Muslim,Apathetic
test88.dude88,Test88 Dude88,Test88,Dude88,,F,,,test88.dude88@gmail.com,11/23/1981,-1,Single,Hindu,Liberal
test89.dude89,Test89 Dude89,Test89,Dude89,,M,,,test89.dude89@gmail.com,11/28/1982,5,Single,Jewish,Liberal
test90.dude90,Test90 Dude90,Test90,Dude90,,F,,,test90.dude90@gmail.com,12/15/1973,3,In a relationship,Jewish,Liberal
test91.dude91,Test91 Dude91,Test91,Dude91,,M,,,test91.dude91@gmail.com,10/23/1975,3,Married,Catholic,Liberal
test92.dude92,Test92 Dude92,Test92,Dude92,,F,,,test92.dude92@gmail.com,10/5/1975,-2,In a relationship,Hindu,Conservative
test93.dude93,Test93 Dude93,Test93,Dude93,,M,,,test93.dude93@gmail.com,4/12/1979,0,Married,Jewish,Apathetic
test94.dude94,Test94 Dude94,Test94,Dude94,,F,,,test94.dude94@gmail.com,12/16/1993,4,In a relationship,Catholic,Conservative
test95.dude95,Test95 Dude95,Test95,Dude95,,M,,,test95.dude95@gmail.com,1/20/1979,0,Married,Muslim,Apathetic
test96.dude96,Test96 Dude96,Test96,Dude96,,F,,,test96.dude96@gmail.com,4/21/1995,-5,Single,Muslim,Apathetic
test97.dude97,Test97 Dude97,Test97,Dude97,,M,,,test97.dude97@gmail.com,1/27/1973,0,It's complicated,Atheist,Conservative
test98.dude98,Test98 Dude98,Test98,Dude98,,F,,,test98.dude98@gmail.com,4/8/1982,0,Married,Catholic,Conservative
test99.dude99,Test99 Dude99,Test99,Dude99,,M,,,test99.dude99@gmail.com,1/25/1987,5,It's complicated,Christian,Conservative
test100.dude100,Test100 Dude100,Test100,Dude100,,F,,,test100.dude100@gmail.com,8/20/1988,-3,Single,Jewish,Apathetic
test101.dude101,Test101 Dude101,Test101,Dude101,,M,,,test101.dude101@gmail.com,12/23/1992,1,It's complicated,Catholic,Liberal
test102.dude102,Test102 Dude102,Test102,Dude102,,F,,,test102.dude102@gmail.com,12/1/1984,-3,Single,Catholic,Apathetic
test103.dude103,Test103 Dude103,Test103,Dude103,,M,,,test103.dude103@gmail.com,12/24/1989,4,In a relationship,Catholic,Liberal
test104.dude104,Test104 Dude104,Test104,Dude104,,F,,,test104.dude104@gmail.com,11/25/1974,1,Single,Catholic,Conservative
test105.dude105,Test105 Dude105,Test105,Dude105,,M,,,test105.dude105@gmail.com,11/24/1978,1,It's complicated,Jewish,Apathetic
test106.dude106,Test106 Dude106,Test106,Dude106,,F,,,test106.dude106@gmail.com,5/18/1980,1,Single,Hindu,Conservative
test107.dude107,Test107 Dude107,Test107,Dude107,,M,,,test107.dude107@gmail.com,8/6/1991,3,In a relationship,Atheist,Conservative
test108.dude108,Test108 Dude108,Test108,Dude108,,F,,,test108.dude108@gmail.com,10/26/1986,-3,Single,Hindu,Apathetic
test109.dude109,Test109 Dude109,Test109,Dude109,,M,,,test109.dude109@gmail.com,8/22/1985,4,Married,Atheist,Apathetic
test110.dude110,Test110 Dude110,Test110,Dude110,,F,,,test110.dude110@gmail.com,6/19/1982,3,Married,Atheist,Liberal
test111.dude111,Test111 Dude111,Test111,Dude111,,M,,,test111.dude111@gmail.com,6/22/1992,5,Single,Christian,Liberal
test112.dude112,Test112 Dude112,Test112,Dude112,,F,,,test112.dude112@gmail.com,5/14/1979,5,Single,Christian,Conservative
test113.dude113,Test113 Dude113,Test113,Dude113,,M,,,test113.dude113@gmail.com,9/19/1976,3,Single,Catholic,Conservative
test114.dude114,Test114 Dude114,Test114,Dude114,,F,,,test114.dude114@gmail.com,9/20/1992,4,In a relationship,Catholic,Conservative
test115.dude115,Test115 Dude115,Test115,Dude115,,M,,,test115.dude115@gmail.com,7/10/1993,5,It's complicated,Muslim,Apathetic
test116.dude116,Test116 Dude116,Test116,Dude116,,F,,,test116.dude116@gmail.com,5/15/1982,4,Single,Muslim,Apathetic
test117.dude117,Test117 Dude117,Test117,Dude117,,M,,,test117.dude117@gmail.com,2/10/1998,-4,In a relationship,Scientologist,Liberal
test118.dude118,Test118 Dude118,Test118,Dude118,,F,,,test118.dude118@gmail.com,7/4/1979,5,Married,Jewish,Apathetic
test119.dude119,Test119 Dude119,Test119,Dude119,,M,,,test119.dude119@gmail.com,3/12/1991,-2,Single,Jewish,Conservative
test120.dude120,Test120 Dude120,Test120,Dude120,,F,,,test120.dude120@gmail.com,12/1/1981,-4,In a relationship,Jewish,Apathetic
test121.dude121,Test121 Dude121,Test121,Dude121,,M,,,test121.dude121@gmail.com,3/10/1980,3,It's complicated,Hindu,Liberal
test122.dude122,Test122 Dude122,Test122,Dude122,,F,,,test122.dude122@gmail.com,8/25/1993,-5,Married,Atheist,Apathetic
test123.dude123,Test123 Dude123,Test123,Dude123,,M,,,test123.dude123@gmail.com,7/13/1984,-1,It's complicated,Muslim,Conservative
test124.dude124,Test124 Dude124,Test124,Dude124,,F,,,test124.dude124@gmail.com,10/5/1986,-3,Married,Christian,Conservative
test125.dude125,Test125 Dude125,Test125,Dude125,,M,,,test125.dude125@gmail.com,3/7/1988,5,Single,Atheist,Apathetic
test126.dude126,Test126 Dude126,Test126,Dude126,,F,,,test126.dude126@gmail.com,10/19/1991,4,Married,Atheist,Apathetic
test127.dude127,Test127 Dude127,Test127,Dude127,,M,,,test127.dude127@gmail.com,12/6/1982,-3,It's complicated,Hindu,Apathetic
test128.dude128,Test128 Dude128,Test128,Dude128,,F,,,test128.dude128@gmail.com,2/20/1989,-1,Single,Muslim,Conservative
test129.dude129,Test129 Dude129,Test129,Dude129,,M,,,test129.dude129@gmail.com,11/24/1974,-1,In a relationship,Hindu,Conservative
test130.dude130,Test130 Dude130,Test130,Dude130,,F,,,test130.dude130@gmail.com,5/12/1997,-4,It's complicated,Jewish,Apathetic
test131.dude131,Test131 Dude131,Test131,Dude131,,M,,,test131.dude131@gmail.com,3/23/1978,2,Single,Scientologist,Apathetic
test132.dude132,Test132 Dude132,Test132,Dude132,,F,,,test132.dude132@gmail.com,12/11/1993,-5,Single,Muslim,Apathetic
test133.dude133,Test133 Dude133,Test133,Dude133,,M,,,test133.dude133@gmail.com,2/14/1982,-2,Single,Atheist,Liberal
test134.dude134,Test134 Dude134,Test134,Dude134,,F,,,test134.dude134@gmail.com,6/10/1995,0,In a relationship,Scientologist,Liberal
test135.dude135,Test135 Dude135,Test135,Dude135,,M,,,test135.dude135@gmail.com,11/13/1995,2,In a relationship,Muslim,Conservative
test136.dude136,Test136 Dude136,Test136,Dude136,,F,,,test136.dude136@gmail.com,5/4/1988,5,It's complicated,Hindu,Liberal
test137.dude137,Test137 Dude137,Test137,Dude137,,M,,,test137.dude137@gmail.com,10/1/1976,-4,In a relationship,Hindu,Apathetic
test138.dude138,Test138 Dude138,Test138,Dude138,,F,,,test138.dude138@gmail.com,12/10/1987,0,Married,Scientologist,Conservative
test139.dude139,Test139 Dude139,Test139,Dude139,,M,,,test139.dude139@gmail.com,6/22/1976,-3,It's complicated,Scientologist,Conservative
test140.dude140,Test140 Dude140,Test140,Dude140,,F,,,test140.dude140@gmail.com,6/19/1989,5,Single,Scientologist,Liberal
test141.dude141,Test141 Dude141,Test141,Dude141,,M,,,test141.dude141@gmail.com,1/9/1997,-3,In a relationship,Atheist,Apathetic
test142.dude142,Test142 Dude142,Test142,Dude142,,F,,,test142.dude142@gmail.com,4/1/1995,-4,Single,Christian,Liberal
test143.dude143,Test143 Dude143,Test143,Dude143,,M,,,test143.dude143@gmail.com,7/13/1996,5,In a relationship,Muslim,Apathetic
test144.dude144,Test144 Dude144,Test144,Dude144,,F,,,test144.dude144@gmail.com,9/11/1975,-5,Married,Hindu,Apathetic
test145.dude145,Test145 Dude145,Test145,Dude145,,M,,,test145.dude145@gmail.com,4/4/1989,-5,In a relationship,Scientologist,Apathetic
test146.dude146,Test146 Dude146,Test146,Dude146,,F,,,test146.dude146@gmail.com,10/14/1990,4,In a relationship,Jewish,Liberal
test147.dude147,Test147 Dude147,Test147,Dude147,,M,,,test147.dude147@gmail.com,12/20/1984,4,Married,Catholic,Liberal
test148.dude148,Test148 Dude148,Test148,Dude148,,F,,,test148.dude148@gmail.com,11/3/1988,-4,It's complicated,Christian,Conservative
test149.dude149,Test149 Dude149,Test149,Dude149,,M,,,test149.dude149@gmail.com,3/10/1997,3,It's complicated,Hindu,Liberal
test150.dude150,Test150 Dude150,Test150,Dude150,,F,,,test150.dude150@gmail.com,6/3/1977,-4,Married,Atheist,Apathetic
test151.dude151,Test151 Dude151,Test151,Dude151,,M,,,test151.dude151@gmail.com,10/23/1997,-2,In a relationship,Scientologist,Conservative
test152.dude152,Test152 Dude152,Test152,Dude152,,F,,,test152.dude152@gmail.com,3/17/1978,0,It's complicated,Catholic,Apathetic
test153.dude153,Test153 Dude153,Test153,Dude153,,M,,,test153.dude153@gmail.com,11/6/1997,-3,In a relationship,Muslim,Liberal
test154.dude154,Test154 Dude154,Test154,Dude154,,F,,,test154.dude154@gmail.com,12/9/1982,2,In a relationship,Muslim,Conservative
test155.dude155,Test155 Dude155,Test155,Dude155,,M,,,test155.dude155@gmail.com,12/12/1991,2,In a relationship,Scientologist,Apathetic
test156.dude156,Test156 Dude156,Test156,Dude156,,F,,,test156.dude156@gmail.com,12/1/1986,-4,In a relationship,Catholic,Liberal
test157.dude157,Test157 Dude157,Test157,Dude157,,M,,,test157.dude157@gmail.com,9/9/1974,1,It's complicated,Catholic,Conservative
test158.dude158,Test158 Dude158,Test158,Dude158,,F,,,test158.dude158@gmail.com,1/8/1975,5,Single,Atheist,Apathetic
test159.dude159,Test159 Dude159,Test159,Dude159,,M,,,test159.dude159@gmail.com,9/21/1976,0,In a relationship,Muslim,Liberal
test160.dude160,Test160 Dude160,Test160,Dude160,,F,,,test160.dude160@gmail.com,8/1/1976,-5,Single,Hindu,Liberal
test161.dude161,Test161 Dude161,Test161,Dude161,,M,,,test161.dude161@gmail.com,11/12/1973,-5,It's complicated,Hindu,Apathetic
test162.dude162,Test162 Dude162,Test162,Dude162,,F,,,test162.dude162@gmail.com,7/22/1982,-3,Married,Muslim,Liberal
test163.dude163,Test163 Dude163,Test163,Dude163,,M,,,test163.dude163@gmail.com,2/11/1996,-5,In a relationship,Catholic,Conservative
test164.dude164,Test164 Dude164,Test164,Dude164,,F,,,test164.dude164@gmail.com,11/9/1983,-1,It's complicated,Scientologist,Liberal
test165.dude165,Test165 Dude165,Test165,Dude165,,M,,,test165.dude165@gmail.com,9/8/1978,3,It's complicated,Muslim,Apathetic
test166.dude166,Test166 Dude166,Test166,Dude166,,F,,,test166.dude166@gmail.com,5/14/1993,3,Married,Muslim,Conservative
test167.dude167,Test167 Dude167,Test167,Dude167,,M,,,test167.dude167@gmail.com,2/18/1998,-2,Married,Atheist,Apathetic
test168.dude168,Test168 Dude168,Test168,Dude168,,F,,,test168.dude168@gmail.com,1/27/1982,4,In a relationship,Catholic,Apathetic
test169.dude169,Test169 Dude169,Test169,Dude169,,M,,,test169.dude169@gmail.com,10/1/1982,-3,Single,Muslim,Liberal
test170.dude170,Test170 Dude170,Test170,Dude170,,F,,,test170.dude170@gmail.com,3/23/1975,1,Married,Atheist,Apathetic
test171.dude171,Test171 Dude171,Test171,Dude171,,M,,,test171.dude171@gmail.com,6/7/1973,4,Married,Catholic,Conservative
test172.dude172,Test172 Dude172,Test172,Dude172,,F,,,test172.dude172@gmail.com,10/5/1980,-1,Married,Catholic,Conservative
test173.dude173,Test173 Dude173,Test173,Dude173,,M,,,test173.dude173@gmail.com,7/25/1998,3,Married,Jewish,Liberal
test174.dude174,Test174 Dude174,Test174,Dude174,,F,,,test174.dude174@gmail.com,6/8/1996,3,It's complicated,Muslim,Apathetic
test175.dude175,Test175 Dude175,Test175,Dude175,,M,,,test175.dude175@gmail.com,8/2/1982,-1,Single,Hindu,Conservative
test176.dude176,Test176 Dude176,Test176,Dude176,,F,,,test176.dude176@gmail.com,4/13/1988,3,Single,Catholic,Conservative
test177.dude177,Test177 Dude177,Test177,Dude177,,M,,,test177.dude177@gmail.com,6/24/1988,2,Single,Scientologist,Liberal
test178.dude178,Test178 Dude178,Test178,Dude178,,F,,,test178.dude178@gmail.com,3/17/1994,-2,Married,Muslim,Apathetic
test179.dude179,Test179 Dude179,Test179,Dude179,,M,,,test179.dude179@gmail.com,3/3/1978,4,Single,Christian,Liberal
test180.dude180,Test180 Dude180,Test180,Dude180,,F,,,test180.dude180@gmail.com,12/26/1986,-1,It's complicated,Hindu,Apathetic
test181.dude181,Test181 Dude181,Test181,Dude181,,M,,,test181.dude181@gmail.com,5/9/1998,0,In a relationship,Scientologist,Liberal
test182.dude182,Test182 Dude182,Test182,Dude182,,F,,,test182.dude182@gmail.com,5/13/1976,-3,Married,Christian,Apathetic
test183.dude183,Test183 Dude183,Test183,Dude183,,M,,,test183.dude183@gmail.com,12/14/1991,5,It's complicated,Hindu,Liberal
test184.dude184,Test184 Dude184,Test184,Dude184,,F,,,test184.dude184@gmail.com,5/21/1997,2,Married,Muslim,Conservative
test185.dude185,Test185 Dude185,Test185,Dude185,,M,,,test185.dude185@gmail.com,6/18/1986,5,It's complicated,Atheist,Apathetic
test186.dude186,Test186 Dude186,Test186,Dude186,,F,,,test186.dude186@gmail.com,7/26/1984,2,Single,Atheist,Liberal
test187.dude187,Test187 Dude187,Test187,Dude187,,M,,,test187.dude187@gmail.com,11/11/1985,3,It's complicated,Muslim,Liberal
test188.dude188,Test188 Dude188,Test188,Dude188,,F,,,test188.dude188@gmail.com,1/11/1988,1,It's complicated,Hindu,Conservative
test189.dude189,Test189 Dude189,Test189,Dude189,,M,,,test189.dude189@gmail.com,4/15/1987,1,In a relationship,Muslim,Conservative
test190.dude190,Test190 Dude190,Test190,Dude190,,F,,,test190.dude190@gmail.com,8/25/1989,-2,In a relationship,Atheist,Apathetic
test191.dude191,Test191 Dude191,Test191,Dude191,,M,,,test191.dude191@gmail.com,7/27/1991,1,Single,Scientologist,Liberal
test192.dude192,Test192 Dude192,Test192,Dude192,,F,,,test192.dude192@gmail.com,4/2/1987,2,Single,Jewish,Conservative
test193.dude193,Test193 Dude193,Test193,Dude193,,M,,,test193.dude193@gmail.com,10/16/1998,1,It's complicated,Catholic,Conservative
test194.dude194,Test194 Dude194,Test194,Dude194,,F,,,test194.dude194@gmail.com,8/28/1989,2,In a relationship,Catholic,Apathetic
test195.dude195,Test195 Dude195,Test195,Dude195,,M,,,test195.dude195@gmail.com,8/16/1998,-4,Single,Catholic,Apathetic
test196.dude196,Test196 Dude196,Test196,Dude196,,F,,,test196.dude196@gmail.com,11/28/1978,-2,It's complicated,Muslim,Conservative
test197.dude197,Test197 Dude197,Test197,Dude197,,M,,,test197.dude197@gmail.com,11/8/1983,-1,It's complicated,Christian,Apathetic
test198.dude198,Test198 Dude198,Test198,Dude198,,F,,,test198.dude198@gmail.com,6/23/1997,0,It's complicated,Hindu,Liberal
test199.dude199,Test199 Dude199,Test199,Dude199,,M,,,test199.dude199@gmail.com,10/23/1988,-4,In a relationship,Muslim,Apathetic
test200.dude200,Test200 Dude200,Test200,Dude200,,F,,,test200.dude200@gmail.com,7/7/1992,2,Single,Atheist,Liberal
test201.dude201,Test201 Dude201,Test201,Dude201,,M,,,test201.dude201@gmail.com,6/3/1974,-5,Married,Christian,Liberal
test202.dude202,Test202 Dude202,Test202,Dude202,,F,,,test202.dude202@gmail.com,2/8/1988,5,Single,Muslim,Conservative
test203.dude203,Test203 Dude203,Test203,Dude203,,M,,,test203.dude203@gmail.com,6/7/1974,-5,Married,Atheist,Liberal
test204.dude204,Test204 Dude204,Test204,Dude204,,F,,,test204.dude204@gmail.com,8/21/1974,3,In a relationship,Catholic,Apathetic
test205.dude205,Test205 Dude205,Test205,Dude205,,M,,,test205.dude205@gmail.com,9/9/1986,3,It's complicated,Atheist,Apathetic
test206.dude206,Test206 Dude206,Test206,Dude206,,F,,,test206.dude206@gmail.com,8/9/1984,0,Married,Scientologist,Apathetic
test207.dude207,Test207 Dude207,Test207,Dude207,,M,,,test207.dude207@gmail.com,3/26/1989,0,In a relationship,Catholic,Conservative
test208.dude208,Test208 Dude208,Test208,Dude208,,F,,,test208.dude208@gmail.com,5/1/1975,-1,Single,Atheist,Conservative
test209.dude209,Test209 Dude209,Test209,Dude209,,M,,,test209.dude209@gmail.com,6/28/1979,3,Single,Hindu,Liberal
test210.dude210,Test210 Dude210,Test210,Dude210,,F,,,test210.dude210@gmail.com,12/3/1995,-1,Married,Christian,Apathetic
test211.dude211,Test211 Dude211,Test211,Dude211,,M,,,test211.dude211@gmail.com,7/25/1988,4,Single,Christian,Apathetic
test212.dude212,Test212 Dude212,Test212,Dude212,,F,,,test212.dude212@gmail.com,1/12/1979,-2,Married,Hindu,Conservative
test213.dude213,Test213 Dude213,Test213,Dude213,,M,,,test213.dude213@gmail.com,2/15/1973,1,Single,Muslim,Liberal
test214.dude214,Test214 Dude214,Test214,Dude214,,F,,,test214.dude214@gmail.com,3/26/1981,4,It's complicated,Jewish,Liberal
test215.dude215,Test215 Dude215,Test215,Dude215,,M,,,test215.dude215@gmail.com,4/22/1977,5,Single,Catholic,Conservative
test216.dude216,Test216 Dude216,Test216,Dude216,,F,,,test216.dude216@gmail.com,2/22/1987,0,Single,Scientologist,Liberal
test217.dude217,Test217 Dude217,Test217,Dude217,,M,,,test217.dude217@gmail.com,11/9/1993,0,It's complicated,Muslim,Apathetic
test218.dude218,Test218 Dude218,Test218,Dude218,,F,,,test218.dude218@gmail.com,1/11/1990,3,Single,Muslim,Liberal
test219.dude219,Test219 Dude219,Test219,Dude219,,M,,,test219.dude219@gmail.com,7/20/1976,-5,It's complicated,Atheist,Liberal
test220.dude220,Test220 Dude220,Test220,Dude220,,F,,,test220.dude220@gmail.com,2/8/1981,-4,Single,Atheist,Conservative
test221.dude221,Test221 Dude221,Test221,Dude221,,M,,,test221.dude221@gmail.com,12/21/1980,-4,In a relationship,Catholic,Liberal
test222.dude222,Test222 Dude222,Test222,Dude222,,F,,,test222.dude222@gmail.com,7/6/1995,2,Single,Atheist,Conservative
test223.dude223,Test223 Dude223,Test223,Dude223,,M,,,test223.dude223@gmail.com,8/25/1996,3,In a relationship,Muslim,Liberal
test224.dude224,Test224 Dude224,Test224,Dude224,,F,,,test224.dude224@gmail.com,3/4/1980,2,In a relationship,Catholic,Apathetic
test225.dude225,Test225 Dude225,Test225,Dude225,,M,,,test225.dude225@gmail.com,11/6/1986,-2,In a relationship,Hindu,Apathetic
test226.dude226,Test226 Dude226,Test226,Dude226,,F,,,test226.dude226@gmail.com,3/12/1995,5,Married,Muslim,Conservative
test227.dude227,Test227 Dude227,Test227,Dude227,,M,,,test227.dude227@gmail.com,1/8/1986,5,In a relationship,Muslim,Apathetic
test228.dude228,Test228 Dude228,Test228,Dude228,,F,,,test228.dude228@gmail.com,11/6/1997,3,In a relationship,Jewish,Apathetic
test229.dude229,Test229 Dude229,Test229,Dude229,,M,,,test229.dude229@gmail.com,10/2/1994,-1,In a relationship,Jewish,Liberal
test230.dude230,Test230 Dude230,Test230,Dude230,,F,,,test230.dude230@gmail.com,2/3/1975,-4,It's complicated,Atheist,Apathetic
test231.dude231,Test231 Dude231,Test231,Dude231,,M,,,test231.dude231@gmail.com,11/7/1991,-1,In a relationship,Muslim,Conservative
test232.dude232,Test232 Dude232,Test232,Dude232,,F,,,test232.dude232@gmail.com,11/21/1996,-1,It's complicated,Scientologist,Conservative
test233.dude233,Test233 Dude233,Test233,Dude233,,M,,,test233.dude233@gmail.com,7/26/1991,-4,It's complicated,Catholic,Apathetic
test234.dude234,Test234 Dude234,Test234,Dude234,,F,,,test234.dude234@gmail.com,2/2/1992,0,It's complicated,Catholic,Apathetic
test235.dude235,Test235 Dude235,Test235,Dude235,,M,,,test235.dude235@gmail.com,8/7/1997,-4,In a relationship,Catholic,Conservative
test236.dude236,Test236 Dude236,Test236,Dude236,,F,,,test236.dude236@gmail.com,4/16/1978,4,Married,Hindu,Apathetic
test237.dude237,Test237 Dude237,Test237,Dude237,,M,,,test237.dude237@gmail.com,12/24/1977,-5,Married,Scientologist,Liberal
test238.dude238,Test238 Dude238,Test238,Dude238,,F,,,test238.dude238@gmail.com,10/17/1988,2,Married,Catholic,Conservative
test239.dude239,Test239 Dude239,Test239,Dude239,,M,,,test239.dude239@gmail.com,9/28/1981,-2,Married,Christian,Apathetic
test240.dude240,Test240 Dude240,Test240,Dude240,,F,,,test240.dude240@gmail.com,9/18/1984,4,It's complicated,Atheist,Conservative
test241.dude241,Test241 Dude241,Test241,Dude241,,M,,,test241.dude241@gmail.com,3/26/1984,-5,In a relationship,Scientologist,Apathetic
test242.dude242,Test242 Dude242,Test242,Dude242,,F,,,test242.dude242@gmail.com,1/8/1997,-3,Married,Hindu,Apathetic
test243.dude243,Test243 Dude243,Test243,Dude243,,M,,,test243.dude243@gmail.com,3/25/1990,-4,In a relationship,Christian,Conservative
test244.dude244,Test244 Dude244,Test244,Dude244,,F,,,test244.dude244@gmail.com,6/27/1985,2,In a relationship,Hindu,Conservative
test245.dude245,Test245 Dude245,Test245,Dude245,,M,,,test245.dude245@gmail.com,12/16/1980,-5,Married,Christian,Liberal
test246.dude246,Test246 Dude246,Test246,Dude246,,F,,,test246.dude246@gmail.com,1/23/1995,-5,In a relationship,Scientologist,Conservative
test247.dude247,Test247 Dude247,Test247,Dude247,,M,,,test247.dude247@gmail.com,10/25/1973,-4,Married,Hindu,Liberal
test248.dude248,Test248 Dude248,Test248,Dude248,,F,,,test248.dude248@gmail.com,7/9/1974,1,In a relationship,Hindu,Conservative
test249.dude249,Test249 Dude249,Test249,Dude249,,M,,,test249.dude249@gmail.com,10/17/1986,4,In a relationship,Muslim,Apathetic
test250.dude250,Test250 Dude250,Test250,Dude250,,F,,,test250.dude250@gmail.com,5/11/1977,-3,Married,Scientologist,Conservative
test251.dude251,Test251 Dude251,Test251,Dude251,,M,,,test251.dude251@gmail.com,10/18/1983,3,Married,Christian,Liberal
test252.dude252,Test252 Dude252,Test252,Dude252,,F,,,test252.dude252@gmail.com,12/22/1994,5,It's complicated,Muslim,Liberal
test253.dude253,Test253 Dude253,Test253,Dude253,,M,,,test253.dude253@gmail.com,6/20/1973,5,Married,Jewish,Liberal
test254.dude254,Test254 Dude254,Test254,Dude254,,F,,,test254.dude254@gmail.com,5/7/1981,1,It's complicated,Hindu,Conservative
test255.dude255,Test255 Dude255,Test255,Dude255,,M,,,test255.dude255@gmail.com,9/3/1975,2,In a relationship,Christian,Conservative
test256.dude256,Test256 Dude256,Test256,Dude256,,F,,,test256.dude256@gmail.com,10/26/1986,-3,Single,Muslim,Liberal
test257.dude257,Test257 Dude257,Test257,Dude257,,M,,,test257.dude257@gmail.com,1/25/1978,0,In a relationship,Catholic,Conservative
test258.dude258,Test258 Dude258,Test258,Dude258,,F,,,test258.dude258@gmail.com,2/5/1988,2,Married,Atheist,Conservative
test259.dude259,Test259 Dude259,Test259,Dude259,,M,,,test259.dude259@gmail.com,9/18/1984,-5,In a relationship,Scientologist,Conservative
test260.dude260,Test260 Dude260,Test260,Dude260,,F,,,test260.dude260@gmail.com,2/20/1973,4,It's complicated,Jewish,Apathetic
test261.dude261,Test261 Dude261,Test261,Dude261,,M,,,test261.dude261@gmail.com,2/5/1991,3,In a relationship,Christian,Apathetic
test262.dude262,Test262 Dude262,Test262,Dude262,,F,,,test262.dude262@gmail.com,6/26/1977,0,It's complicated,Hindu,Liberal
test263.dude263,Test263 Dude263,Test263,Dude263,,M,,,test263.dude263@gmail.com,1/28/1997,-3,It's complicated,Jewish,Apathetic
test264.dude264,Test264 Dude264,Test264,Dude264,,F,,,test264.dude264@gmail.com,3/23/1983,4,Single,Scientologist,Apathetic
test265.dude265,Test265 Dude265,Test265,Dude265,,M,,,test265.dude265@gmail.com,8/16/1996,-5,Married,Hindu,Conservative
test266.dude266,Test266 Dude266,Test266,Dude266,,F,,,test266.dude266@gmail.com,3/12/1995,-1,Single,Jewish,Apathetic
test267.dude267,Test267 Dude267,Test267,Dude267,,M,,,test267.dude267@gmail.com,3/3/1989,3,It's complicated,Atheist,Liberal
test268.dude268,Test268 Dude268,Test268,Dude268,,F,,,test268.dude268@gmail.com,3/19/1975,-5,In a relationship,Atheist,Apathetic
test269.dude269,Test269 Dude269,Test269,Dude269,,M,,,test269.dude269@gmail.com,10/17/1985,-5,It's complicated,Atheist,Conservative
test270.dude270,Test270 Dude270,Test270,Dude270,,F,,,test270.dude270@gmail.com,11/15/1998,-4,Married,Jewish,Liberal
test271.dude271,Test271 Dude271,Test271,Dude271,,M,,,test271.dude271@gmail.com,9/20/1986,5,Single,Christian,Apathetic
test272.dude272,Test272 Dude272,Test272,Dude272,,F,,,test272.dude272@gmail.com,6/19/1996,-4,Single,Jewish,Conservative
test273.dude273,Test273 Dude273,Test273,Dude273,,M,,,test273.dude273@gmail.com,7/17/1996,-1,In a relationship,Muslim,Conservative
test274.dude274,Test274 Dude274,Test274,Dude274,,F,,,test274.dude274@gmail.com,11/9/1977,-5,In a relationship,Muslim,Apathetic
test275.dude275,Test275 Dude275,Test275,Dude275,,M,,,test275.dude275@gmail.com,3/28/1983,3,Married,Muslim,Conservative
test276.dude276,Test276 Dude276,Test276,Dude276,,F,,,test276.dude276@gmail.com,1/10/1977,-1,It's complicated,Hindu,Liberal
test277.dude277,Test277 Dude277,Test277,Dude277,,M,,,test277.dude277@gmail.com,2/14/1974,-4,It's complicated,Hindu,Conservative
test278.dude278,Test278 Dude278,Test278,Dude278,,F,,,test278.dude278@gmail.com,4/5/1983,4,Single,Catholic,Apathetic
test279.dude279,Test279 Dude279,Test279,Dude279,,M,,,test279.dude279@gmail.com,6/14/1979,-5,Single,Scientologist,Apathetic
test280.dude280,Test280 Dude280,Test280,Dude280,,F,,,test280.dude280@gmail.com,12/3/1987,5,Single,Catholic,Apathetic
test281.dude281,Test281 Dude281,Test281,Dude281,,M,,,test281.dude281@gmail.com,1/5/1987,-4,Married,Scientologist,Conservative
test282.dude282,Test282 Dude282,Test282,Dude282,,F,,,test282.dude282@gmail.com,7/5/1989,3,It's complicated,Christian,Liberal
test283.dude283,Test283 Dude283,Test283,Dude283,,M,,,test283.dude283@gmail.com,4/20/1983,5,Single,Muslim,Conservative
test284.dude284,Test284 Dude284,Test284,Dude284,,F,,,test284.dude284@gmail.com,10/2/1988,-5,In a relationship,Jewish,Liberal
test285.dude285,Test285 Dude285,Test285,Dude285,,M,,,test285.dude285@gmail.com,4/20/1997,-2,It's complicated,Jewish,Liberal
test286.dude286,Test286 Dude286,Test286,Dude286,,F,,,test286.dude286@gmail.com,8/27/1985,1,In a relationship,Atheist,Liberal
test287.dude287,Test287 Dude287,Test287,Dude287,,M,,,test287.dude287@gmail.com,5/1/1976,-2,In a relationship,Scientologist,Conservative
test288.dude288,Test288 Dude288,Test288,Dude288,,F,,,test288.dude288@gmail.com,8/27/1976,4,Single,Atheist,Apathetic
test289.dude289,Test289 Dude289,Test289,Dude289,,M,,,test289.dude289@gmail.com,8/14/1974,-3,It's complicated,Christian,Liberal
test290.dude290,Test290 Dude290,Test290,Dude290,,F,,,test290.dude290@gmail.com,4/24/1988,-1,Married,Christian,Liberal
test291.dude291,Test291 Dude291,Test291,Dude291,,M,,,test291.dude291@gmail.com,6/8/1977,2,Single,Muslim,Liberal
test292.dude292,Test292 Dude292,Test292,Dude292,,F,,,test292.dude292@gmail.com,3/17/1992,-5,In a relationship,Muslim,Liberal
test293.dude293,Test293 Dude293,Test293,Dude293,,M,,,test293.dude293@gmail.com,10/13/1992,4,Married,Jewish,Apathetic
test294.dude294,Test294 Dude294,Test294,Dude294,,F,,,test294.dude294@gmail.com,9/7/1976,4,Single,Scientologist,Liberal
test295.dude295,Test295 Dude295,Test295,Dude295,,M,,,test295.dude295@gmail.com,11/20/1977,5,In a relationship,Hindu,Liberal
test296.dude296,Test296 Dude296,Test296,Dude296,,F,,,test296.dude296@gmail.com,4/26/1989,4,Single,Christian,Conservative
test297.dude297,Test297 Dude297,Test297,Dude297,,M,,,test297.dude297@gmail.com,11/23/1998,-2,Single,Jewish,Liberal
test298.dude298,Test298 Dude298,Test298,Dude298,,F,,,test298.dude298@gmail.com,1/3/1994,3,In a relationship,Scientologist,Apathetic
test299.dude299,Test299 Dude299,Test299,Dude299,,M,,,test299.dude299@gmail.com,7/26/1991,5,Married,Catholic,Apathetic
test300.dude300,Test300 Dude300,Test300,Dude300,,F,,,test300.dude300@gmail.com,2/23/1984,-1,Single,Hindu,Apathetic
test301.dude301,Test301 Dude301,Test301,Dude301,,M,,,test301.dude301@gmail.com,8/22/1993,5,It's complicated,Catholic,Liberal
test302.dude302,Test302 Dude302,Test302,Dude302,,F,,,test302.dude302@gmail.com,9/28/1979,4,Married,Scientologist,Apathetic
test303.dude303,Test303 Dude303,Test303,Dude303,,M,,,test303.dude303@gmail.com,10/11/1982,0,In a relationship,Muslim,Apathetic
test304.dude304,Test304 Dude304,Test304,Dude304,,F,,,test304.dude304@gmail.com,12/12/1990,-2,Single,Muslim,Liberal
test305.dude305,Test305 Dude305,Test305,Dude305,,M,,,test305.dude305@gmail.com,11/6/1983,5,It's complicated,Hindu,Liberal
test306.dude306,Test306 Dude306,Test306,Dude306,,F,,,test306.dude306@gmail.com,3/9/1992,-3,It's complicated,Atheist,Conservative
test307.dude307,Test307 Dude307,Test307,Dude307,,M,,,test307.dude307@gmail.com,6/12/1995,3,It's complicated,Jewish,Conservative
test308.dude308,Test308 Dude308,Test308,Dude308,,F,,,test308.dude308@gmail.com,11/7/1985,-5,It's complicated,Scientologist,Apathetic
test309.dude309,Test309 Dude309,Test309,Dude309,,M,,,test309.dude309@gmail.com,10/17/1977,-4,Single,Hindu,Apathetic
test310.dude310,Test310 Dude310,Test310,Dude310,,F,,,test310.dude310@gmail.com,6/21/1975,3,Single,Jewish,Conservative
test311.dude311,Test311 Dude311,Test311,Dude311,,M,,,test311.dude311@gmail.com,4/23/1974,-5,Single,Scientologist,Liberal
test312.dude312,Test312 Dude312,Test312,Dude312,,F,,,test312.dude312@gmail.com,8/4/1992,-3,It's complicated,Hindu,Conservative
test313.dude313,Test313 Dude313,Test313,Dude313,,M,,,test313.dude313@gmail.com,8/20/1991,1,It's complicated,Scientologist,Apathetic
test314.dude314,Test314 Dude314,Test314,Dude314,,F,,,test314.dude314@gmail.com,3/4/1984,5,Single,Muslim,Apathetic
test315.dude315,Test315 Dude315,Test315,Dude315,,M,,,test315.dude315@gmail.com,8/11/1981,-2,Single,Muslim,Apathetic
test316.dude316,Test316 Dude316,Test316,Dude316,,F,,,test316.dude316@gmail.com,11/6/1990,5,Married,Jewish,Conservative
test317.dude317,Test317 Dude317,Test317,Dude317,,M,,,test317.dude317@gmail.com,2/19/1996,1,Married,Catholic,Conservative
test318.dude318,Test318 Dude318,Test318,Dude318,,F,,,test318.dude318@gmail.com,3/26/1985,2,Married,Muslim,Apathetic
test319.dude319,Test319 Dude319,Test319,Dude319,,M,,,test319.dude319@gmail.com,1/4/1994,3,It's complicated,Muslim,Conservative
test320.dude320,Test320 Dude320,Test320,Dude320,,F,,,test320.dude320@gmail.com,4/25/1998,4,In a relationship,Christian,Apathetic
test321.dude321,Test321 Dude321,Test321,Dude321,,M,,,test321.dude321@gmail.com,4/16/1974,-5,In a relationship,Atheist,Conservative
test322.dude322,Test322 Dude322,Test322,Dude322,,F,,,test322.dude322@gmail.com,2/23/1973,0,Single,Jewish,Liberal
test323.dude323,Test323 Dude323,Test323,Dude323,,M,,,test323.dude323@gmail.com,12/1/1992,5,It's complicated,Atheist,Conservative
test324.dude324,Test324 Dude324,Test324,Dude324,,F,,,test324.dude324@gmail.com,1/22/1993,5,It's complicated,Muslim,Apathetic
test325.dude325,Test325 Dude325,Test325,Dude325,,M,,,test325.dude325@gmail.com,8/16/1976,-2,Single,Jewish,Conservative
test326.dude326,Test326 Dude326,Test326,Dude326,,F,,,test326.dude326@gmail.com,6/26/1996,4,In a relationship,Scientologist,Liberal
test327.dude327,Test327 Dude327,Test327,Dude327,,M,,,test327.dude327@gmail.com,4/4/1984,4,Single,Atheist,Conservative
test328.dude328,Test328 Dude328,Test328,Dude328,,F,,,test328.dude328@gmail.com,1/27/1976,2,Single,Atheist,Apathetic
test329.dude329,Test329 Dude329,Test329,Dude329,,M,,,test329.dude329@gmail.com,10/8/1992,2,Married,Christian,Liberal
test330.dude330,Test330 Dude330,Test330,Dude330,,F,,,test330.dude330@gmail.com,1/12/1977,3,Married,Hindu,Conservative
test331.dude331,Test331 Dude331,Test331,Dude331,,M,,,test331.dude331@gmail.com,8/27/1987,-5,In a relationship,Christian,Liberal
test332.dude332,Test332 Dude332,Test332,Dude332,,F,,,test332.dude332@gmail.com,8/22/1986,1,In a relationship,Christian,Apathetic
test333.dude333,Test333 Dude333,Test333,Dude333,,M,,,test333.dude333@gmail.com,8/22/1983,2,Single,Hindu,Apathetic
test334.dude334,Test334 Dude334,Test334,Dude334,,F,,,test334.dude334@gmail.com,9/18/1997,0,Married,Hindu,Conservative
test335.dude335,Test335 Dude335,Test335,Dude335,,M,,,test335.dude335@gmail.com,11/1/1978,4,In a relationship,Hindu,Liberal
test336.dude336,Test336 Dude336,Test336,Dude336,,F,,,test336.dude336@gmail.com,6/7/1994,1,Single,Scientologist,Liberal
test337.dude337,Test337 Dude337,Test337,Dude337,,M,,,test337.dude337@gmail.com,7/19/1991,2,Married,Scientologist,Conservative
test338.dude338,Test338 Dude338,Test338,Dude338,,F,,,test338.dude338@gmail.com,1/14/1974,1,In a relationship,Muslim,Apathetic
test339.dude339,Test339 Dude339,Test339,Dude339,,M,,,test339.dude339@gmail.com,9/4/1980,2,It's complicated,Christian,Conservative
test340.dude340,Test340 Dude340,Test340,Dude340,,F,,,test340.dude340@gmail.com,4/9/1995,3,It's complicated,Atheist,Conservative
test341.dude341,Test341 Dude341,Test341,Dude341,,M,,,test341.dude341@gmail.com,8/22/1977,-1,In a relationship,Christian,Conservative
test342.dude342,Test342 Dude342,Test342,Dude342,,F,,,test342.dude342@gmail.com,3/28/1981,2,It's complicated,Christian,Apathetic
test343.dude343,Test343 Dude343,Test343,Dude343,,M,,,test343.dude343@gmail.com,11/7/1989,-5,Married,Christian,Conservative
test344.dude344,Test344 Dude344,Test344,Dude344,,F,,,test344.dude344@gmail.com,11/19/1995,-5,Single,Christian,Apathetic
test345.dude345,Test345 Dude345,Test345,Dude345,,M,,,test345.dude345@gmail.com,6/27/1992,2,Single,Atheist,Liberal
test346.dude346,Test346 Dude346,Test346,Dude346,,F,,,test346.dude346@gmail.com,2/3/1997,-1,It's complicated,Hindu,Apathetic
test347.dude347,Test347 Dude347,Test347,Dude347,,M,,,test347.dude347@gmail.com,12/20/1987,5,It's complicated,Catholic,Conservative
test348.dude348,Test348 Dude348,Test348,Dude348,,F,,,test348.dude348@gmail.com,11/15/1989,-3,Married,Atheist,Apathetic
test349.dude349,Test349 Dude349,Test349,Dude349,,M,,,test349.dude349@gmail.com,6/16/1984,-5,In a relationship,Jewish,Liberal
test350.dude350,Test350 Dude350,Test350,Dude350,,F,,,test350.dude350@gmail.com,2/11/1983,3,Married,Christian,Conservative
test351.dude351,Test351 Dude351,Test351,Dude351,,M,,,test351.dude351@gmail.com,7/19/1988,-4,Single,Jewish,Liberal
test352.dude352,Test352 Dude352,Test352,Dude352,,F,,,test352.dude352@gmail.com,8/4/1985,-4,It's complicated,Hindu,Apathetic
test353.dude353,Test353 Dude353,Test353,Dude353,,M,,,test353.dude353@gmail.com,4/19/1983,-3,Married,Catholic,Apathetic
test354.dude354,Test354 Dude354,Test354,Dude354,,F,,,test354.dude354@gmail.com,8/28/1982,-5,It's complicated,Muslim,Apathetic
test355.dude355,Test355 Dude355,Test355,Dude355,,M,,,test355.dude355@gmail.com,10/25/1980,-5,Married,Jewish,Liberal
test356.dude356,Test356 Dude356,Test356,Dude356,,F,,,test356.dude356@gmail.com,4/12/1987,1,Married,Jewish,Apathetic
test357.dude357,Test357 Dude357,Test357,Dude357,,M,,,test357.dude357@gmail.com,8/14/1979,5,Single,Muslim,Liberal
test358.dude358,Test358 Dude358,Test358,Dude358,,F,,,test358.dude358@gmail.com,5/14/1991,5,Married,Muslim,Apathetic
test359.dude359,Test359 Dude359,Test359,Dude359,,M,,,test359.dude359@gmail.com,9/9/1990,-2,It's complicated,Hindu,Liberal
test360.dude360,Test360 Dude360,Test360,Dude360,,F,,,test360.dude360@gmail.com,2/5/1973,1,It's complicated,Atheist,Conservative
test361.dude361,Test361 Dude361,Test361,Dude361,,M,,,test361.dude361@gmail.com,4/7/1996,2,Single,Catholic,Apathetic
test362.dude362,Test362 Dude362,Test362,Dude362,,F,,,test362.dude362@gmail.com,4/6/1979,-2,Single,Jewish,Conservative
test363.dude363,Test363 Dude363,Test363,Dude363,,M,,,test363.dude363@gmail.com,12/5/1986,-3,Single,Jewish,Conservative
test364.dude364,Test364 Dude364,Test364,Dude364,,F,,,test364.dude364@gmail.com,9/12/1980,-1,In a relationship,Hindu,Apathetic
test365.dude365,Test365 Dude365,Test365,Dude365,,M,,,test365.dude365@gmail.com,9/25/1977,4,It's complicated,Christian,Conservative
test366.dude366,Test366 Dude366,Test366,Dude366,,F,,,test366.dude366@gmail.com,10/8/1992,-5,Married,Christian,Liberal
test367.dude367,Test367 Dude367,Test367,Dude367,,M,,,test367.dude367@gmail.com,7/11/1975,-5,In a relationship,Hindu,Conservative
test368.dude368,Test368 Dude368,Test368,Dude368,,F,,,test368.dude368@gmail.com,5/25/1996,0,In a relationship,Muslim,Conservative
test369.dude369,Test369 Dude369,Test369,Dude369,,M,,,test369.dude369@gmail.com,1/28/1993,2,It's complicated,Hindu,Liberal
test370.dude370,Test370 Dude370,Test370,Dude370,,F,,,test370.dude370@gmail.com,11/23/1983,2,In a relationship,Atheist,Conservative
test371.dude371,Test371 Dude371,Test371,Dude371,,M,,,test371.dude371@gmail.com,11/4/1992,-2,Single,Scientologist,Conservative
test372.dude372,Test372 Dude372,Test372,Dude372,,F,,,test372.dude372@gmail.com,3/14/1997,-5,In a relationship,Atheist,Liberal
test373.dude373,Test373 Dude373,Test373,Dude373,,M,,,test373.dude373@gmail.com,8/18/1991,-2,In a relationship,Catholic,Apathetic
test374.dude374,Test374 Dude374,Test374,Dude374,,F,,,test374.dude374@gmail.com,12/9/1982,-1,It's complicated,Christian,Liberal
test375.dude375,Test375 Dude375,Test375,Dude375,,M,,,test375.dude375@gmail.com,12/4/1994,-4,Married,Catholic,Conservative
test376.dude376,Test376 Dude376,Test376,Dude376,,F,,,test376.dude376@gmail.com,6/7/1984,5,Married,Hindu,Liberal
test377.dude377,Test377 Dude377,Test377,Dude377,,M,,,test377.dude377@gmail.com,5/22/1981,4,It's complicated,Atheist,Conservative
test378.dude378,Test378 Dude378,Test378,Dude378,,F,,,test378.dude378@gmail.com,6/9/1983,-4,In a relationship,Jewish,Conservative
test379.dude379,Test379 Dude379,Test379,Dude379,,M,,,test379.dude379@gmail.com,11/4/1975,-3,Single,Scientologist,Conservative
test380.dude380,Test380 Dude380,Test380,Dude380,,F,,,test380.dude380@gmail.com,9/17/1992,5,Single,Hindu,Apathetic
test381.dude381,Test381 Dude381,Test381,Dude381,,M,,,test381.dude381@gmail.com,1/14/1993,4,Single,Scientologist,Liberal
test382.dude382,Test382 Dude382,Test382,Dude382,,F,,,test382.dude382@gmail.com,11/17/1991,-1,In a relationship,Jewish,Apathetic
test383.dude383,Test383 Dude383,Test383,Dude383,,M,,,test383.dude383@gmail.com,11/8/1979,-5,It's complicated,Catholic,Liberal
test384.dude384,Test384 Dude384,Test384,Dude384,,F,,,test384.dude384@gmail.com,6/26/1978,-4,It's complicated,Scientologist,Conservative
test385.dude385,Test385 Dude385,Test385,Dude385,,M,,,test385.dude385@gmail.com,3/9/1974,0,Single,Scientologist,Apathetic
test386.dude386,Test386 Dude386,Test386,Dude386,,F,,,test386.dude386@gmail.com,9/3/1986,-4,Married,Atheist,Conservative
test387.dude387,Test387 Dude387,Test387,Dude387,,M,,,test387.dude387@gmail.com,6/27/1992,3,Married,Jewish,Conservative
test388.dude388,Test388 Dude388,Test388,Dude388,,F,,,test388.dude388@gmail.com,8/2/1981,0,In a relationship,Hindu,Conservative
test389.dude389,Test389 Dude389,Test389,Dude389,,M,,,test389.dude389@gmail.com,7/16/1979,-5,Single,Scientologist,Apathetic
test390.dude390,Test390 Dude390,Test390,Dude390,,F,,,test390.dude390@gmail.com,5/15/1984,-5,In a relationship,Muslim,Apathetic
test391.dude391,Test391 Dude391,Test391,Dude391,,M,,,test391.dude391@gmail.com,9/23/1981,-5,Single,Scientologist,Liberal
test392.dude392,Test392 Dude392,Test392,Dude392,,F,,,test392.dude392@gmail.com,9/2/1976,3,In a relationship,Catholic,Apathetic
test393.dude393,Test393 Dude393,Test393,Dude393,,M,,,test393.dude393@gmail.com,7/5/1990,-2,Married,Scientologist,Apathetic
test394.dude394,Test394 Dude394,Test394,Dude394,,F,,,test394.dude394@gmail.com,5/14/1995,-3,In a relationship,Catholic,Liberal
test395.dude395,Test395 Dude395,Test395,Dude395,,M,,,test395.dude395@gmail.com,4/3/1984,-4,Married,Muslim,Liberal
test396.dude396,Test396 Dude396,Test396,Dude396,,F,,,test396.dude396@gmail.com,1/10/1995,-3,Married,Muslim,Apathetic
test397.dude397,Test397 Dude397,Test397,Dude397,,M,,,test397.dude397@gmail.com,7/27/1988,-2,It's complicated,Scientologist,Conservative
test398.dude398,Test398 Dude398,Test398,Dude398,,F,,,test398.dude398@gmail.com,11/13/1987,-4,Single,Catholic,Liberal
test399.dude399,Test399 Dude399,Test399,Dude399,,M,,,test399.dude399@gmail.com,3/10/1992,2,Single,Atheist,Conservative
test400.dude400,Test400 Dude400,Test400,Dude400,,F,,,test400.dude400@gmail.com,5/13/1983,5,It's complicated,Atheist,Liberal
test401.dude401,Test401 Dude401,Test401,Dude401,,M,,,test401.dude401@gmail.com,8/2/1997,4,In a relationship,Atheist,Apathetic
test402.dude402,Test402 Dude402,Test402,Dude402,,F,,,test402.dude402@gmail.com,7/3/1986,-5,Single,Atheist,Conservative
test403.dude403,Test403 Dude403,Test403,Dude403,,M,,,test403.dude403@gmail.com,1/4/1982,-5,Single,Muslim,Conservative
test404.dude404,Test404 Dude404,Test404,Dude404,,F,,,test404.dude404@gmail.com,2/17/1990,-4,It's complicated,Hindu,Liberal
test405.dude405,Test405 Dude405,Test405,Dude405,,M,,,test405.dude405@gmail.com,9/13/1996,0,Single,Catholic,Apathetic
test406.dude406,Test406 Dude406,Test406,Dude406,,F,,,test406.dude406@gmail.com,2/10/1978,-4,Married,Christian,Liberal
test407.dude407,Test407 Dude407,Test407,Dude407,,M,,,test407.dude407@gmail.com,4/24/1975,-4,In a relationship,Catholic,Conservative
test408.dude408,Test408 Dude408,Test408,Dude408,,F,,,test408.dude408@gmail.com,6/24/1978,-2,It's complicated,Hindu,Apathetic
test409.dude409,Test409 Dude409,Test409,Dude409,,M,,,test409.dude409@gmail.com,12/23/1988,-3,Single,Scientologist,Apathetic
test410.dude410,Test410 Dude410,Test410,Dude410,,F,,,test410.dude410@gmail.com,4/9/1978,-1,Married,Catholic,Conservative
test411.dude411,Test411 Dude411,Test411,Dude411,,M,,,test411.dude411@gmail.com,11/11/1998,-3,Single,Catholic,Liberal
test412.dude412,Test412 Dude412,Test412,Dude412,,F,,,test412.dude412@gmail.com,8/13/1983,-4,Single,Scientologist,Conservative
test413.dude413,Test413 Dude413,Test413,Dude413,,M,,,test413.dude413@gmail.com,4/16/1996,3,It's complicated,Atheist,Conservative
test414.dude414,Test414 Dude414,Test414,Dude414,,F,,,test414.dude414@gmail.com,11/15/1979,-2,Single,Jewish,Conservative
test415.dude415,Test415 Dude415,Test415,Dude415,,M,,,test415.dude415@gmail.com,11/8/1988,-2,Single,Scientologist,Conservative
test416.dude416,Test416 Dude416,Test416,Dude416,,F,,,test416.dude416@gmail.com,12/16/1998,-2,Single,Jewish,Conservative
test417.dude417,Test417 Dude417,Test417,Dude417,,M,,,test417.dude417@gmail.com,4/14/1993,-1,Married,Hindu,Conservative
test418.dude418,Test418 Dude418,Test418,Dude418,,F,,,test418.dude418@gmail.com,8/10/1981,-5,Married,Catholic,Conservative
test419.dude419,Test419 Dude419,Test419,Dude419,,M,,,test419.dude419@gmail.com,8/21/1980,3,In a relationship,Christian,Liberal
test420.dude420,Test420 Dude420,Test420,Dude420,,F,,,test420.dude420@gmail.com,11/8/1973,0,It's complicated,Atheist,Apathetic
test421.dude421,Test421 Dude421,Test421,Dude421,,M,,,test421.dude421@gmail.com,3/28/1992,-5,Single,Christian,Apathetic
test422.dude422,Test422 Dude422,Test422,Dude422,,F,,,test422.dude422@gmail.com,8/13/1989,4,Married,Muslim,Apathetic
test423.dude423,Test423 Dude423,Test423,Dude423,,M,,,test423.dude423@gmail.com,10/2/1977,-3,Single,Atheist,Liberal
test424.dude424,Test424 Dude424,Test424,Dude424,,F,,,test424.dude424@gmail.com,4/23/1984,-1,Married,Muslim,Liberal
test425.dude425,Test425 Dude425,Test425,Dude425,,M,,,test425.dude425@gmail.com,10/17/1985,-5,It's complicated,Christian,Conservative
test426.dude426,Test426 Dude426,Test426,Dude426,,F,,,test426.dude426@gmail.com,2/20/1989,-1,Married,Scientologist,Conservative
test427.dude427,Test427 Dude427,Test427,Dude427,,M,,,test427.dude427@gmail.com,12/21/1980,1,In a relationship,Atheist,Liberal
test428.dude428,Test428 Dude428,Test428,Dude428,,F,,,test428.dude428@gmail.com,2/9/1974,-1,It's complicated,Muslim,Liberal
test429.dude429,Test429 Dude429,Test429,Dude429,,M,,,test429.dude429@gmail.com,4/2/1977,1,Married,Catholic,Liberal
test430.dude430,Test430 Dude430,Test430,Dude430,,F,,,test430.dude430@gmail.com,10/5/1973,-2,In a relationship,Muslim,Liberal
test431.dude431,Test431 Dude431,Test431,Dude431,,M,,,test431.dude431@gmail.com,4/21/1985,-1,Married,Scientologist,Apathetic
test432.dude432,Test432 Dude432,Test432,Dude432,,F,,,test432.dude432@gmail.com,9/18/1976,-1,Single,Atheist,Conservative
test433.dude433,Test433 Dude433,Test433,Dude433,,M,,,test433.dude433@gmail.com,3/10/1987,-1,Married,Scientologist,Apathetic
test434.dude434,Test434 Dude434,Test434,Dude434,,F,,,test434.dude434@gmail.com,12/23/1994,-1,It's complicated,Muslim,Conservative
test435.dude435,Test435 Dude435,Test435,Dude435,,M,,,test435.dude435@gmail.com,2/24/1993,0,It's complicated,Scientologist,Apathetic
test436.dude436,Test436 Dude436,Test436,Dude436,,F,,,test436.dude436@gmail.com,1/8/1984,5,Married,Catholic,Liberal
test437.dude437,Test437 Dude437,Test437,Dude437,,M,,,test437.dude437@gmail.com,11/20/1973,1,Married,Atheist,Liberal
test438.dude438,Test438 Dude438,Test438,Dude438,,F,,,test438.dude438@gmail.com,9/19/1996,2,In a relationship,Catholic,Apathetic
test439.dude439,Test439 Dude439,Test439,Dude439,,M,,,test439.dude439@gmail.com,9/2/1990,-2,Married,Muslim,Conservative
test440.dude440,Test440 Dude440,Test440,Dude440,,F,,,test440.dude440@gmail.com,6/16/1988,4,It's complicated,Atheist,Conservative
test441.dude441,Test441 Dude441,Test441,Dude441,,M,,,test441.dude441@gmail.com,8/17/1975,-5,It's complicated,Jewish,Conservative
test442.dude442,Test442 Dude442,Test442,Dude442,,F,,,test442.dude442@gmail.com,4/18/1990,1,It's complicated,Muslim,Apathetic
test443.dude443,Test443 Dude443,Test443,Dude443,,M,,,test443.dude443@gmail.com,5/12/1998,5,Single,Atheist,Conservative
test444.dude444,Test444 Dude444,Test444,Dude444,,F,,,test444.dude444@gmail.com,11/18/1973,4,It's complicated,Hindu,Liberal
test445.dude445,Test445 Dude445,Test445,Dude445,,M,,,test445.dude445@gmail.com,6/20/1996,4,It's complicated,Christian,Apathetic
test446.dude446,Test446 Dude446,Test446,Dude446,,F,,,test446.dude446@gmail.com,10/22/1988,-2,Single,Jewish,Conservative
test447.dude447,Test447 Dude447,Test447,Dude447,,M,,,test447.dude447@gmail.com,6/15/1998,-3,It's complicated,Muslim,Liberal
test448.dude448,Test448 Dude448,Test448,Dude448,,F,,,test448.dude448@gmail.com,5/19/1990,-2,In a relationship,Jewish,Conservative
test449.dude449,Test449 Dude449,Test449,Dude449,,M,,,test449.dude449@gmail.com,11/10/1996,-2,Married,Atheist,Liberal
test450.dude450,Test450 Dude450,Test450,Dude450,,F,,,test450.dude450@gmail.com,6/27/1980,5,In a relationship,Atheist,Apathetic
test451.dude451,Test451 Dude451,Test451,Dude451,,M,,,test451.dude451@gmail.com,3/16/1991,3,Single,Muslim,Apathetic
test452.dude452,Test452 Dude452,Test452,Dude452,,F,,,test452.dude452@gmail.com,3/1/1990,-1,Married,Catholic,Liberal
test453.dude453,Test453 Dude453,Test453,Dude453,,M,,,test453.dude453@gmail.com,4/28/1996,3,It's complicated,Catholic,Apathetic
test454.dude454,Test454 Dude454,Test454,Dude454,,F,,,test454.dude454@gmail.com,9/28/1996,5,In a relationship,Scientologist,Liberal
test455.dude455,Test455 Dude455,Test455,Dude455,,M,,,test455.dude455@gmail.com,1/5/1975,4,In a relationship,Christian,Apathetic
test456.dude456,Test456 Dude456,Test456,Dude456,,F,,,test456.dude456@gmail.com,7/20/1982,4,It's complicated,Christian,Conservative
test457.dude457,Test457 Dude457,Test457,Dude457,,M,,,test457.dude457@gmail.com,10/23/1986,-1,Single,Scientologist,Liberal
test458.dude458,Test458 Dude458,Test458,Dude458,,F,,,test458.dude458@gmail.com,4/4/1983,-1,Married,Catholic,Liberal
test459.dude459,Test459 Dude459,Test459,Dude459,,M,,,test459.dude459@gmail.com,3/6/1984,-3,Married,Hindu,Liberal
test460.dude460,Test460 Dude460,Test460,Dude460,,F,,,test460.dude460@gmail.com,9/20/1991,5,Married,Scientologist,Conservative
test461.dude461,Test461 Dude461,Test461,Dude461,,M,,,test461.dude461@gmail.com,11/16/1984,3,Single,Christian,Apathetic
test462.dude462,Test462 Dude462,Test462,Dude462,,F,,,test462.dude462@gmail.com,6/11/1996,1,In a relationship,Hindu,Liberal
test463.dude463,Test463 Dude463,Test463,Dude463,,M,,,test463.dude463@gmail.com,1/24/1994,-2,It's complicated,Atheist,Liberal
test464.dude464,Test464 Dude464,Test464,Dude464,,F,,,test464.dude464@gmail.com,1/27/1998,-3,Married,Muslim,Liberal
test465.dude465,Test465 Dude465,Test465,Dude465,,M,,,test465.dude465@gmail.com,2/15/1992,-5,In a relationship,Catholic,Liberal
test466.dude466,Test466 Dude466,Test466,Dude466,,F,,,test466.dude466@gmail.com,11/10/1989,4,It's complicated,Atheist,Conservative
test467.dude467,Test467 Dude467,Test467,Dude467,,M,,,test467.dude467@gmail.com,1/5/1983,-4,In a relationship,Christian,Conservative
test468.dude468,Test468 Dude468,Test468,Dude468,,F,,,test468.dude468@gmail.com,5/10/1992,2,It's complicated,Atheist,Apathetic
test469.dude469,Test469 Dude469,Test469,Dude469,,M,,,test469.dude469@gmail.com,2/2/1986,1,In a relationship,Atheist,Conservative
test470.dude470,Test470 Dude470,Test470,Dude470,,F,,,test470.dude470@gmail.com,4/5/1974,-1,Single,Atheist,Liberal
test471.dude471,Test471 Dude471,Test471,Dude471,,M,,,test471.dude471@gmail.com,3/25/1982,0,Married,Muslim,Apathetic
test472.dude472,Test472 Dude472,Test472,Dude472,,F,,,test472.dude472@gmail.com,11/1/1988,1,Single,Muslim,Conservative
test473.dude473,Test473 Dude473,Test473,Dude473,,M,,,test473.dude473@gmail.com,9/5/1991,5,It's complicated,Scientologist,Conservative
test474.dude474,Test474 Dude474,Test474,Dude474,,F,,,test474.dude474@gmail.com,2/27/1982,0,Married,Scientologist,Conservative
test475.dude475,Test475 Dude475,Test475,Dude475,,M,,,test475.dude475@gmail.com,5/25/1988,0,Single,Catholic,Liberal
test476.dude476,Test476 Dude476,Test476,Dude476,,F,,,test476.dude476@gmail.com,8/8/1989,3,Married,Christian,Conservative
test477.dude477,Test477 Dude477,Test477,Dude477,,M,,,test477.dude477@gmail.com,6/2/1997,3,Married,Jewish,Liberal
test478.dude478,Test478 Dude478,Test478,Dude478,,F,,,test478.dude478@gmail.com,8/14/1988,2,It's complicated,Christian,Conservative
test479.dude479,Test479 Dude479,Test479,Dude479,,M,,,test479.dude479@gmail.com,11/19/1980,-4,Single,Catholic,Conservative
test480.dude480,Test480 Dude480,Test480,Dude480,,F,,,test480.dude480@gmail.com,6/2/1995,-4,In a relationship,Hindu,Apathetic
test481.dude481,Test481 Dude481,Test481,Dude481,,M,,,test481.dude481@gmail.com,3/10/1995,2,Single,Catholic,Apathetic
test482.dude482,Test482 Dude482,Test482,Dude482,,F,,,test482.dude482@gmail.com,5/7/1998,4,In a relationship,Muslim,Conservative
test483.dude483,Test483 Dude483,Test483,Dude483,,M,,,test483.dude483@gmail.com,6/22/1987,0,It's complicated,Muslim,Conservative
test484.dude484,Test484 Dude484,Test484,Dude484,,F,,,test484.dude484@gmail.com,7/18/1992,-1,Single,Catholic,Apathetic
test485.dude485,Test485 Dude485,Test485,Dude485,,M,,,test485.dude485@gmail.com,11/25/1995,4,Married,Christian,Apathetic
test486.dude486,Test486 Dude486,Test486,Dude486,,F,,,test486.dude486@gmail.com,10/3/1990,-2,Single,Atheist,Conservative
test487.dude487,Test487 Dude487,Test487,Dude487,,M,,,test487.dude487@gmail.com,10/19/1976,-3,It's complicated,Jewish,Apathetic
test488.dude488,Test488 Dude488,Test488,Dude488,,F,,,test488.dude488@gmail.com,2/14/1983,-3,Married,Scientologist,Liberal
test489.dude489,Test489 Dude489,Test489,Dude489,,M,,,test489.dude489@gmail.com,10/8/1974,3,It's complicated,Christian,Liberal
test490.dude490,Test490 Dude490,Test490,Dude490,,F,,,test490.dude490@gmail.com,5/5/1988,0,Married,Catholic,Conservative
test491.dude491,Test491 Dude491,Test491,Dude491,,M,,,test491.dude491@gmail.com,2/1/1975,-4,In a relationship,Muslim,Liberal
test492.dude492,Test492 Dude492,Test492,Dude492,,F,,,test492.dude492@gmail.com,6/16/1985,1,It's complicated,Hindu,Liberal
test493.dude493,Test493 Dude493,Test493,Dude493,,M,,,test493.dude493@gmail.com,2/2/1986,-4,It's complicated,Jewish,Liberal
test494.dude494,Test494 Dude494,Test494,Dude494,,F,,,test494.dude494@gmail.com,1/1/1997,0,In a relationship,Christian,Conservative
test495.dude495,Test495 Dude495,Test495,Dude495,,M,,,test495.dude495@gmail.com,9/15/1984,3,In a relationship,Christian,Conservative
test496.dude496,Test496 Dude496,Test496,Dude496,,F,,,test496.dude496@gmail.com,1/25/1979,-4,Single,Muslim,Apathetic
test497.dude497,Test497 Dude497,Test497,Dude497,,M,,,test497.dude497@gmail.com,11/14/1987,-2,In a relationship,Scientologist,Conservative
test498.dude498,Test498 Dude498,Test498,Dude498,,F,,,test498.dude498@gmail.com,2/10/1995,4,It's complicated,Atheist,Conservative
test499.dude499,Test499 Dude499,Test499,Dude499,,M,,,test499.dude499@gmail.com,4/20/1973,4,Single,Atheist,Apathetic
test500.dude500,Test500 Dude500,Test500,Dude500,,F,,,test500.dude500@gmail.com,12/4/1975,5,Married,Scientologist,Conservative